episode_id,date_posted,raw_title,formatted_title,patreon_url
9535,2024-11-25 13:01:04,95 Violent Tendences VIDEO,95_violent_tendences,https://www.patreon.com/posts/95-violent-video-116605786
1057,2024-11-25 13:01:01,95 Violent Tendencies,95_violent_tendencies,https://www.patreon.com/posts/95-violent-116605649
3466,2024-11-21 13:00:14,Reggae vs Techno,reggae_vs_techno,https://www.patreon.com/posts/reggae-vs-techno-116421017
2680,2024-11-21 13:00:11,Reggae vs Techno VIDEO,reggae_vs_techno,https://www.patreon.com/posts/reggae-vs-techno-116422380
9563,2024-11-18 12:00:10,94 Calling Out Oceans v,94_calling_out_oceans,https://www.patreon.com/posts/94-calling-out-v-116203899
3898,2024-11-18 12:00:09,94 Calling Out Oceans a,94_calling_out_oceans,https://www.patreon.com/posts/94-calling-out-116203895
8943,2024-11-18 01:08:27,NYC show feeling curiously monthly,nyc_show_feeling_curiously_monthly,https://www.patreon.com/posts/nyc-show-feeling-116207890
1999,2024-11-14 12:00:12,Europe pt 42 v,europe_pt_42,https://www.patreon.com/posts/europe-pt-42-v-115937451
4607,2024-11-14 12:00:10,Europe pt 42 a,europe_pt_42,https://www.patreon.com/posts/europe-pt-42-115936743
3874,2024-11-11 18:58:20,Tickets giveaway LA NY and London shows update GIVEAWAY HAS ENDED,tickets_giveaway_la_ny_and_london_shows_update_giveaway_has_ended,https://www.patreon.com/posts/tickets-giveaway-115802885
4051,2024-11-11 13:02:01,93 D33p Und3ground Po3try VIDEO,93_d33p_und3ground_po3try,https://www.patreon.com/posts/93-d33p-po3try-115766944
1013,2024-11-11 13:00:14,93 D33p Und3ground Po3try,93_d33p_und3ground_po3try,https://www.patreon.com/posts/93-d33p-po3try-115766671
6128,2024-11-07 13:00:09,The Notion of Burgers or 2024 Election Analysis,the_notion_of_burgers_or_2024_election_analysis,https://www.patreon.com/posts/notion-of-or-115522068
2682,2024-11-07 13:00:07,The Notion of Burgers or 2024 Election Analysis,the_notion_of_burgers_or_2024_election_analysis,https://www.patreon.com/posts/notion-of-or-115520420
2008,2024-11-04 12:00:20,92 Eric Shepherds Jack Through His Battle With Hangover Syndrome a,92_eric_shepherds_jack_through_his_battle_with_hangover_syndrome,https://www.patreon.com/posts/92-eric-jack-his-115319472
1359,2024-11-04 12:00:19,92 Eric Shepherds Jack Through His Battle With Hangover Syndrome v,92_eric_shepherds_jack_through_his_battle_with_hangover_syndrome,https://www.patreon.com/posts/92-eric-jack-his-115319360
4036,2024-10-31 12:00:11,Baseball VIDEO,baseball,https://www.patreon.com/posts/baseball-video-115031030
1569,2024-10-31 12:00:10,Baseball,baseball,https://www.patreon.com/posts/baseball-115029455
5535,2024-10-28 11:00:15,91 Shewz v,91_shewz,https://www.patreon.com/posts/91-shewz-v-114842219
5874,2024-10-28 11:00:14,91 Shewz a,91_shewz,https://www.patreon.com/posts/91-shewz-114842253
3561,2024-10-24 17:43:58,Rap World 3,rap_world_3,https://www.patreon.com/posts/rap-world-3-114640124
2086,2024-10-24 11:00:11,Discussing About Houses a,discussing_about_houses,https://www.patreon.com/posts/discussing-about-114610900
9596,2024-10-24 11:00:11,Discussing About Houses v,discussing_about_houses,https://www.patreon.com/posts/discussing-about-114610891
3474,2024-10-21 10:01:01,90 Books VIDEO,90_books,https://www.patreon.com/posts/90-books-video-114395115
3857,2024-10-21 10:00:14,90 Books,90_books,https://www.patreon.com/posts/90-books-114387017
1883,2024-10-17 12:00:06,Metamorphosis VIDEO,metamorphosis,https://www.patreon.com/posts/metamorphosis-113892369
1865,2024-10-17 12:00:05,Metamorphosis,metamorphosis,https://www.patreon.com/posts/metamorphosis-113891915
7868,2024-10-14 12:05:01,The Interconnectivity of Coffee  Teamwork VIDEO,the_interconnectivity_of_coffee__teamwork,https://www.patreon.com/posts/interconnectivit-113932767
3256,2024-10-14 12:05:01,89 The Interconnectivity of Coffee  Teamwork,89_the_interconnectivity_of_coffee__teamwork,https://www.patreon.com/posts/89-of-coffee-113932671
2678,2024-10-11 16:05:16,Friday Vibes fixed,friday_vibes_fixed,https://www.patreon.com/posts/friday-vibes-113813970
6973,2024-10-11 12:00:13,Friday Vibes VIDEO,friday_vibes,https://www.patreon.com/posts/friday-vibes-113786341
9788,2024-10-10 01:04:19,Dont freak out the bonus ep this week will be a day late  posted Friday U guys pissed or what,dont_freak_out_the_bonus_ep_this_week_will_be_a_day_late__posted_friday_u_guys_pissed_or_what,https://www.patreon.com/posts/dont-freak-out-u-113711692
5391,2024-10-07 12:05:00,88 Burdens VIDEO,88_burdens,https://www.patreon.com/posts/88-burdens-video-113515999
3270,2024-10-07 12:05:00,88 Burdens,88_burdens,https://www.patreon.com/posts/88-burdens-113515965
9340,2024-10-03 12:16:00,Shocking Gas Station Secrets Uncovered VIDEO,shocking_gas_station_secrets_uncovered,https://www.patreon.com/posts/shocking-gas-113177498
1979,2024-10-03 12:16:00,Shocking Gas Station Secrets Uncovered,shocking_gas_station_secrets_uncovered,https://www.patreon.com/posts/shocking-gas-113176433
3653,2024-10-01 01:17:16,Bensinga in LOS ANGELES   OCT 25,bensinga_in_los_angeles____oct_25,https://www.patreon.com/posts/bensinga-in-los-113110804
8911,2024-09-30 16:58:27,87 The Fools Guide To Throwing A Rager video,87_the_fools_guide_to_throwing_a_rager,https://www.patreon.com/posts/87-fools-guide-113078132
6897,2024-09-30 16:43:51,87 The Fools Guide To Throwing A Rager audio,87_the_fools_guide_to_throwing_a_rager,https://www.patreon.com/posts/87-fools-guide-113078346
3364,2024-09-26 11:00:08,Do Loose Pants Cause Disease,do_loose_pants_cause_disease,https://www.patreon.com/posts/do-loose-pants-112759781
2361,2024-09-26 11:00:07,Do Loose Pants Cause Disease video,do_loose_pants_cause_disease,https://www.patreon.com/posts/do-loose-pants-112759777
4519,2024-09-23 17:55:01,Oct 17th NYC,oct_17th_nyc,https://www.patreon.com/posts/oct-17th-nyc-112624148
6245,2024-09-23 12:05:00,86 The Notious Nature of Thievery VIDEO,86_the_notious_nature_of_thievery,https://www.patreon.com/posts/86-notious-of-112587641
9225,2024-09-23 12:05:00,86 The Notious Nature of Thievery,86_the_notious_nature_of_thievery,https://www.patreon.com/posts/86-notious-of-112587114
9466,2024-09-19 12:00:08,Pizza VIDEO,pizza,https://www.patreon.com/posts/pizza-video-112281174
1663,2024-09-19 12:00:06,Pizza,pizza,https://www.patreon.com/posts/pizza-112280613
2402,2024-09-16 11:00:17,85 Competition SHOCKING Sarah Sherman appearance audio,85_competition_shocking_sarah_sherman_appearance,https://www.patreon.com/posts/85-competition-112138205
2362,2024-09-16 11:00:09,85 Competition SHOCKING Sarah Sherman appearance video,85_competition_shocking_sarah_sherman_appearance,https://www.patreon.com/posts/85-competition-112138197
4885,2024-09-12 11:00:10,We Are Speaking On North Korea,we_are_speaking_on_north_korea,https://www.patreon.com/posts/we-are-speaking-111868326
1310,2024-09-12 11:00:08,We Are Speaking On North Korea video,we_are_speaking_on_north_korea,https://www.patreon.com/posts/we-are-speaking-111868306
8927,2024-09-09 17:04:44,84 Colors Discussion of the Color Yellow,84_colors_discussion_of_the_color_yellow,https://www.patreon.com/posts/84-colors-of-111733331
4921,2024-09-09 12:05:00,84 Colors Discussion of the Color Yellow VIDEO,84_colors_discussion_of_the_color_yellow,https://www.patreon.com/posts/84-colors-of-111520207
8109,2024-09-07 04:25:00,ATTN UK  TACTICIANS,attn_uk__tacticians,https://www.patreon.com/posts/attn-uk-111582973
8450,2024-09-05 12:00:12,Future Vision Branding  Marketing Schematics VIDEO,future_vision_branding__marketing_schematics,https://www.patreon.com/posts/future-vision-111458967
1673,2024-09-05 12:00:10,Future Vision Branding  Marketing Schematics,future_vision_branding__marketing_schematics,https://www.patreon.com/posts/future-vision-111457402
9124,2024-09-02 11:00:10,83 Discussing Every Year 1 AD audio,83_discussing_every_year_1_ad,https://www.patreon.com/posts/83-discussing-1-111228922
1633,2024-09-02 11:00:10,83 Discussing Every Year 1 AD video,83_discussing_every_year_1_ad,https://www.patreon.com/posts/83-discussing-1-111217649
9477,2024-08-29 14:04:30,what is under the ground video,what_is_under_the_ground,https://www.patreon.com/posts/what-is-under-111014364
1904,2024-08-29 13:58:58,what is under the ground audio,what_is_under_the_ground,https://www.patreon.com/posts/what-is-under-111014451
1287,2024-08-26 12:05:01,82 The Notion of Seasonings,82_the_notion_of_seasonings,https://www.patreon.com/posts/82-notion-of-ing-110779674
8311,2024-08-26 12:05:01,82 The Notion of Seasonings,82_the_notion_of_seasonings,https://www.patreon.com/posts/82-notion-of-ing-110779619
9655,2024-08-22 12:00:10,Respectful Angelina Jolie Analysis VIDEO,respectful_angelina_jolie_analysis,https://www.patreon.com/posts/respectful-jolie-110554209
1710,2024-08-22 12:00:10,Respectful Angelina Jolie Analysis,respectful_angelina_jolie_analysis,https://www.patreon.com/posts/respectful-jolie-110553347
4518,2024-08-19 15:41:10,81 I cant take it anymore video nates audio fixed,81_i_cant_take_it_anymore,https://www.patreon.com/posts/81-i-cant-take-110392728
1886,2024-08-19 15:30:23,81 I cant take it anymore audio nates audio fixed,81_i_cant_take_it_anymore,https://www.patreon.com/posts/81-i-cant-take-110392821
5112,2024-08-15 11:00:14,Mexican Cuisines,mexican_cuisines,https://www.patreon.com/posts/mexican-cuisines-110109454
6099,2024-08-15 11:00:08,Mexican Cuisines video,mexican_cuisines,https://www.patreon.com/posts/mexican-cuisines-110109392
2142,2024-08-12 12:05:02,80 Road Trips VIDEO,80_road_trips,https://www.patreon.com/posts/80-road-trips-109935602
8325,2024-08-12 12:05:01,80 Road Trips,80_road_trips,https://www.patreon.com/posts/80-road-trips-109935304
8110,2024-08-08 12:05:00,Pools VIDEO,pools,https://www.patreon.com/posts/pools-video-109615648
6008,2024-08-08 12:05:00,Pools,pools,https://www.patreon.com/posts/pools-109615563
2995,2024-08-05 11:00:14,79 Carmen Christopher Asks Joy Tactics To Critique His Special audio,79_carmen_christopher_asks_joy_tactics_to_critique_his_special,https://www.patreon.com/posts/79-carmen-asks-109478467
3018,2024-08-05 11:00:11,79 Carmen Christopher Asks Joy Tactics To Critique His Special video,79_carmen_christopher_asks_joy_tactics_to_critique_his_special,https://www.patreon.com/posts/79-carmen-asks-109478259
1930,2024-08-01 19:09:27,Disney LIVESTREAM EXAMINATION,disney_livestream_examination,https://www.patreon.com/posts/disney-109276454
7670,2024-08-01 14:00:20,Disney LIVESTREAM EXAMINATION video,disney_livestream_examination,https://www.patreon.com/posts/disney-video-109224989
9727,2024-07-29 10:05:01,78 Cream VIDEO,78_cream,https://www.patreon.com/posts/78-cream-video-108945679
8111,2024-07-29 10:05:01,78 Cream,78_cream,https://www.patreon.com/posts/78-cream-108944212
8344,2024-07-25 12:00:11,Reasons To Live VIDEO,reasons_to_live,https://www.patreon.com/posts/reasons-to-live-108715318
5708,2024-07-25 12:00:11,Reasons To Live,reasons_to_live,https://www.patreon.com/posts/reasons-to-live-108715161
3304,2024-07-22 11:00:14,77 What Is The Wilderness Ft Joe Pera video,77_what_is_the_wilderness_ft_joe_pera,https://www.patreon.com/posts/77-what-is-ft-108547931
3927,2024-07-22 11:00:09,77 What Is The Wilderness Ft Joe Pera audio,77_what_is_the_wilderness_ft_joe_pera,https://www.patreon.com/posts/77-what-is-ft-108560304
6506,2024-07-18 15:21:43,The Notion of Free Will video,the_notion_of_free_will,https://www.patreon.com/posts/notion-of-free-108373264
6061,2024-07-18 15:10:26,The Notion Of Free Will audio,the_notion_of_free_will,https://www.patreon.com/posts/notion-of-free-108372943
7549,2024-07-18 11:00:13,Good morning,good_morning,https://www.patreon.com/posts/good-morning-108348002
8142,2024-07-15 12:05:01,76 Political Violnce VIDEO,76_political_violnce,https://www.patreon.com/posts/76-political-nce-108153336
4895,2024-07-15 12:05:01,76 Political Violnce,76_political_violnce,https://www.patreon.com/posts/76-political-nce-108153287
9285,2024-07-11 12:00:09,Heated Interview,heated_interview,https://www.patreon.com/posts/heated-interview-107920131
6979,2024-07-11 12:00:08,Heated Interview VIDEO,heated_interview,https://www.patreon.com/posts/heated-interview-107920191
4286,2024-07-08 11:00:15,75 Auras visual,75_auras,https://www.patreon.com/posts/75-auras-visual-107711976
1693,2024-07-08 11:00:12,75 Auras audio,75_auras,https://www.patreon.com/posts/75-auras-audio-107711982
7098,2024-07-04 11:00:11,Manners real ass video,manners,https://www.patreon.com/posts/manners-real-ass-107435326
9831,2024-07-04 11:00:09,Manners full crazy ass audio,manners,https://www.patreon.com/posts/manners-full-ass-107435327
8111,2024-07-01 12:05:01,74 Patriotism Jingoistically Speaking VIDEO,74_patriotism_jingoistically_speaking,https://www.patreon.com/posts/74-patriotism-107210632
9844,2024-07-01 12:05:01,74 Patriotism Jingoistically Speaking,74_patriotism_jingoistically_speaking,https://www.patreon.com/posts/74-patriotism-107197487
6515,2024-06-27 12:05:01,Heat,heat,https://www.patreon.com/posts/heat-106957119
5115,2024-06-27 12:05:00,Heat VIDEO,heat,https://www.patreon.com/posts/heat-video-106958671
9251,2024-06-24 11:00:09,73 Do Video Games Make You Better Lovers audio,73_do_video_games_make_you_better_lovers,https://www.patreon.com/posts/73-do-video-make-106751927
2813,2024-06-24 11:00:08,73 Do Video Games Make You Better Lovers video,73_do_video_games_make_you_better_lovers,https://www.patreon.com/posts/73-do-video-make-106751920
9142,2024-06-20 11:00:08,A Cure For Thirst video,a_cure_for_thirst,https://www.patreon.com/posts/cure-for-thirst-106470101
2996,2024-06-20 11:00:07,A Cure For Thirst audio,a_cure_for_thirst,https://www.patreon.com/posts/cure-for-thirst-106470108
8500,2024-06-17 12:05:01,72 Lunch Pt 2 VIDEO,72_lunch_pt_2,https://www.patreon.com/posts/72-lunch-pt-2-106290087
3881,2024-06-17 12:05:00,72 Lunch Pt 2,72_lunch_pt_2,https://www.patreon.com/posts/72-lunch-pt-2-106290052
4383,2024-06-13 12:00:07,The Notion of Glass VIDEO,the_notion_of_glass,https://www.patreon.com/posts/notion-of-glass-106049825
9508,2024-06-13 12:00:07,The Notion of Glass,the_notion_of_glass,https://www.patreon.com/posts/notion-of-glass-106049755
1208,2024-06-10 11:00:10,71 Occulary Sensory Deprivation Experiment audio,71_occulary_sensory_deprivation_experiment,https://www.patreon.com/posts/71-occulary-105898634
1073,2024-06-10 11:00:10,71 Occulary Sensory Deprivation Experiment video,71_occulary_sensory_deprivation_experiment,https://www.patreon.com/posts/71-occulary-105898629
3835,2024-06-06 11:00:11,Is Electricity Poison,is_electricity_poison,https://www.patreon.com/posts/is-electricity-105670081
5119,2024-06-06 11:00:08,Is Electricity Poison VIDEO,is_electricity_poison,https://www.patreon.com/posts/is-electricity-105670085
4195,2024-06-03 12:05:01,70 High School ft Dan Licata VIDEO,70_high_school_ft_dan_licata,https://www.patreon.com/posts/70-high-school-105394896
1818,2024-06-03 12:05:01,70 High School ft Dan Licata,70_high_school_ft_dan_licata,https://www.patreon.com/posts/70-high-school-105394785
2692,2024-05-30 13:16:02,Depletion video,depletion,https://www.patreon.com/posts/depletion-video-105229573
7518,2024-05-30 12:05:01,Depletion,depletion,https://www.patreon.com/posts/depletion-105052142
1961,2024-05-27 11:00:09,69 What is Britain audio,69_what_is_britain,https://www.patreon.com/posts/69-what-is-audio-104984823
7073,2024-05-27 11:00:08,69 What is Britain video,69_what_is_britain,https://www.patreon.com/posts/69-what-is-video-104984826
2024,2024-05-23 11:00:16,Shame audio,shame,https://www.patreon.com/posts/shame-audio-104769390
2365,2024-05-23 11:00:11,Shame video,shame,https://www.patreon.com/posts/shame-video-104769381
8205,2024-05-20 11:00:11,68 Leveraging Dopamine For Job Interviews video,68_leveraging_dopamine_for_job_interviews,https://www.patreon.com/posts/68-leveraging-104551966
7452,2024-05-20 11:00:09,68 Leveraging Dopamine For Job Interviews audio,68_leveraging_dopamine_for_job_interviews,https://www.patreon.com/posts/68-leveraging-104551979
6188,2024-05-16 12:01:00,Cute Animals,cute_animals,https://www.patreon.com/posts/cute-animals-104338394
2034,2024-05-16 12:00:08,Cute Animals VIDEO,cute_animals,https://www.patreon.com/posts/cute-animals-104341206
5203,2024-05-13 12:02:01,68 The Rich,68_the_rich,https://www.patreon.com/posts/68-rich-104125143
5754,2024-05-13 12:00:09,68 The Rich,68_the_rich,https://www.patreon.com/posts/68-rich-104124443
5905,2024-05-09 12:00:08,First Attempt At Talking About Lunch VIDEO,first_attempt_at_talking_about_lunch,https://www.patreon.com/posts/first-attempt-at-103914308
4455,2024-05-09 12:00:07,First Attempt At Talking About Lunch,first_attempt_at_talking_about_lunch,https://www.patreon.com/posts/first-attempt-at-103913804
5036,2024-05-06 11:00:08,67 Gambling Addict Confronted by Two Bosnian Personal Trainers,67_gambling_addict_confronted_by_two_bosnian_personal_trainers,https://www.patreon.com/posts/67-gambling-by-103631573
4343,2024-05-06 11:00:08,67 Gambling Addict Confronted by Two Bosnian Personal Trainers,67_gambling_addict_confronted_by_two_bosnian_personal_trainers,https://www.patreon.com/posts/67-gambling-by-103631572
1994,2024-05-02 09:15:01,Driving Tour of Brooklyn VIDEO,driving_tour_of_brooklyn,https://www.patreon.com/posts/driving-tour-of-103425837
5344,2024-05-02 09:15:01,Driving Tour of Brooklyn,driving_tour_of_brooklyn,https://www.patreon.com/posts/driving-tour-of-103419206
4955,2024-04-29 11:00:11,66 Driving Tour of Manhattan video,66_driving_tour_of_manhattan,https://www.patreon.com/posts/66-driving-tour-103242548
3117,2024-04-29 11:00:09,66 Driving Tour of Manhattan,66_driving_tour_of_manhattan,https://www.patreon.com/posts/66-driving-tour-103242555
4884,2024-04-25 11:00:08,Unknown video,unknown,https://www.patreon.com/posts/unknown-video-102996462
7665,2024-04-25 11:00:08,Unknown audio,unknown,https://www.patreon.com/posts/unknown-audio-102996449
1014,2024-04-22 12:01:01,65 Hospitality Ft Sarah Sherman VIDEO,65_hospitality_ft_sarah_sherman,https://www.patreon.com/posts/65-hospitality-102782512
6169,2024-04-22 12:00:10,65 Hospitality Ft Sarah Sherman,65_hospitality_ft_sarah_sherman,https://www.patreon.com/posts/65-hospitality-102781301
7253,2024-04-18 18:15:21,Dreams VIDEO,dreams,https://www.patreon.com/posts/dreams-video-102603742
7100,2024-04-18 18:00:15,Dreams,dreams,https://www.patreon.com/posts/dreams-102603480
7826,2024-04-15 11:00:07,64 Secrets,64_secrets,https://www.patreon.com/posts/64-secrets-102333038
2996,2024-04-15 11:00:07,64 Secrets video,64_secrets,https://www.patreon.com/posts/64-secrets-video-102333034
2603,2024-04-11 11:00:06,Joy Tactics Meet In Person For The First Time,joy_tactics_meet_in_person_for_the_first_time,https://www.patreon.com/posts/joy-tactics-meet-102091875
5425,2024-04-11 11:00:06,Joy Tactics Meet In Person For The First Time video,joy_tactics_meet_in_person_for_the_first_time,https://www.patreon.com/posts/joy-tactics-meet-102091844
5115,2024-04-08 12:01:02,63 For A Rainy Day,63_for_a_rainy_day,https://www.patreon.com/posts/63-for-rainy-day-101743944
3352,2024-04-08 12:01:01,63 For A Rainy Day,63_for_a_rainy_day,https://www.patreon.com/posts/63-for-rainy-day-101743895
8968,2024-04-04 12:00:06,The Dark Side of Hollywood VIDEO,the_dark_side_of_hollywood,https://www.patreon.com/posts/dark-side-of-101611915
3729,2024-04-04 12:00:06,The Dark Side of Hollywood,the_dark_side_of_hollywood,https://www.patreon.com/posts/dark-side-of-101611819
5250,2024-04-01 11:00:09,The Notion of Fear video experience,the_notion_of_fear,https://www.patreon.com/posts/notion-of-fear-101428368
7176,2024-04-01 11:00:09,The Notion of Fear audio,the_notion_of_fear,https://www.patreon.com/posts/notion-of-fear-101428356
9054,2024-03-28 11:00:09,Judging a book by its cover from the back audio,judging_a_book_by_its_cover_from_the_back,https://www.patreon.com/posts/judging-book-by-101173557
5916,2024-03-28 11:00:06,Judging a book by its cover from the back video,judging_a_book_by_its_cover_from_the_back,https://www.patreon.com/posts/judging-book-by-101173514
1651,2024-03-25 12:02:00,61 The Midwest VIDEO,61_the_midwest,https://www.patreon.com/posts/61-midwest-video-100892119
1864,2024-03-25 12:00:07,61 The Midwest,61_the_midwest,https://www.patreon.com/posts/61-midwest-100890939
2971,2024-03-21 12:01:00,Bad Day VIDEO,bad_day,https://www.patreon.com/posts/bad-day-video-100711517
7722,2024-03-21 12:00:05,Bad Day,bad_day,https://www.patreon.com/posts/bad-day-100711425
2479,2024-03-18 11:00:08,59 Spring Break Tales video,59_spring_break_tales,https://www.patreon.com/posts/59-spring-break-100559288
4333,2024-03-18 11:00:08,59 Spring Break Tales audio,59_spring_break_tales,https://www.patreon.com/posts/59-spring-break-100559280
8595,2024-03-14 12:05:40,Midnight Snack video,midnight_snack,https://www.patreon.com/posts/midnight-snack-100330170
6894,2024-03-14 11:00:08,Midnight Snacks audio,midnight_snacks,https://www.patreon.com/posts/midnight-snacks-100330197
6956,2024-03-11 12:15:01,LIVE SHOW  LOS ANGELES 48,live_show___los_angeles_48,https://www.patreon.com/posts/live-show-los-4-100132795
3055,2024-03-11 12:02:00,58 Betrayal The Story of The Cyberattack From Within,58_betrayal_the_story_of_the_cyberattack_from_within,https://www.patreon.com/posts/58-betrayal-of-100133057
4090,2024-03-11 12:02:00,58 Betrayal The Story of The Cyberattack From Within,58_betrayal_the_story_of_the_cyberattack_from_within,https://www.patreon.com/posts/58-betrayal-of-100125705
3888,2024-03-07 13:00:07,The Immense Pressure of Being a Rising Podcaster VIDEO,the_immense_pressure_of_being_a_rising_podcaster,https://www.patreon.com/posts/immense-pressure-99891664
3303,2024-03-07 13:00:07,The Immense Pressure of Being a Rising Podcaster,the_immense_pressure_of_being_a_rising_podcaster,https://www.patreon.com/posts/immense-pressure-99890941
3345,2024-03-04 12:00:12,57 Should You Respect Old People,57_should_you_respect_old_people,https://www.patreon.com/posts/57-should-you-99688465
2108,2024-03-04 12:00:12,57 Should You Respect Old People VIDEO,57_should_you_respect_old_people,https://www.patreon.com/posts/57-should-you-99688459
2251,2024-02-29 12:00:11,Relaxing Water Conversation  Peaceful Ambience for Spa Yoga and Relaxation video,relaxing_water_conversation,https://www.patreon.com/posts/relaxing-water-99413687
7493,2024-02-29 12:00:10,Relaxing Water Conversation  Peaceful Ambience for Spa Yoga and Relaxation audio,relaxing_water_conversation,https://www.patreon.com/posts/relaxing-water-99413588
7996,2024-02-26 13:01:01,56 Cars,56_cars,https://www.patreon.com/posts/56-cars-99205859
3816,2024-02-26 13:01:01,56 Cars,56_cars,https://www.patreon.com/posts/56-cars-99204998
7768,2024-02-22 18:50:03,Emergency Survival Preparations VIDEO FIXED,emergency_survival_preparations,https://www.patreon.com/posts/emergency-video-99010605
2684,2024-02-22 13:00:06,Emergency Survival Preparations,emergency_survival_preparations,https://www.patreon.com/posts/emergency-98808308
6920,2024-02-19 12:00:10,55 People Want To Harm Us,55_people_want_to_harm_us,https://www.patreon.com/posts/55-people-want-98739217
2545,2024-02-19 12:00:08,55 People Want To Harm Us video,55_people_want_to_harm_us,https://www.patreon.com/posts/55-people-want-98739213
4623,2024-02-15 12:00:09,How to Cultivate Trustworthy Instincts video,how_to_cultivate_trustworthy_instincts,https://www.patreon.com/posts/how-to-cultivate-98506773
4302,2024-02-15 12:00:09,How to Cultivate Trustworthy Instincts audio,how_to_cultivate_trustworthy_instincts,https://www.patreon.com/posts/how-to-cultivate-98506767
3646,2024-02-12 13:01:03,54 Cheifs Win,54_cheifs_win,https://www.patreon.com/posts/54-cheifs-win-98301583
6838,2024-02-12 13:01:02,54 Cheifs Win VIDEO,54_cheifs_win,https://www.patreon.com/posts/54-cheifs-win-98303024
4457,2024-02-08 13:00:04,Guys Talking Grammys VIDEO,guys_talking_grammys,https://www.patreon.com/posts/guys-talking-97951650
1311,2024-02-08 13:00:04,Guys Talking Grammys,guys_talking_grammys,https://www.patreon.com/posts/guys-talking-97951548
2393,2024-02-05 12:00:07,30 Year Olds Thinking About Getting In Shape FULL MOVIE  4K  FREE video,30_year_olds_thinking_about_getting_in_shape,https://www.patreon.com/posts/30-year-olds-in-97839824
1137,2024-02-05 12:00:07,30 Year Olds Thinking About Getting In Shape FULL MOVIE  4K  FREE audio,30_year_olds_thinking_about_getting_in_shape,https://www.patreon.com/posts/30-year-olds-in-97839821
1379,2024-02-01 12:00:09,Groceries video,groceries,https://www.patreon.com/posts/groceries-video-97599797
4953,2024-02-01 12:00:09,Groceries audio,groceries,https://www.patreon.com/posts/groceries-audio-97599115
3293,2024-01-29 13:01:01,58 Old Timey Baddies VIDEO,58_old_timey_baddies,https://www.patreon.com/posts/58-old-timey-97397452
1370,2024-01-29 13:00:14,58 Old Timey Baddies,58_old_timey_baddies,https://www.patreon.com/posts/58-old-timey-97397400
7352,2024-01-25 12:00:13,1 YEAR ANNIVERSARY CELEBRATION VIDEO,1_year_anniversary_celebration,https://www.patreon.com/posts/1-year-video-97145584
9483,2024-01-25 12:00:12,1 YEAR ANNIVERSARY CELEBRATION,1_year_anniversary_celebration,https://www.patreon.com/posts/1-year-97145057
9784,2024-01-22 12:00:10,51 Exclusive Ron DeSantis Interview without Ron DeSantis audio,51_exclusive_ron_desantis_interview_without_ron_desantis,https://www.patreon.com/posts/51-exclusive-ron-96947085
8284,2024-01-22 12:00:09,51 Exclusive Ron DeSantis Interview without Ron DeSantis video,51_exclusive_ron_desantis_interview_without_ron_desantis,https://www.patreon.com/posts/51-exclusive-ron-96947083
1819,2024-01-18 12:00:04,We Made The Jacob Leiser 2023 List audio,we_made_the_jacob_leiser_2023_list,https://www.patreon.com/posts/we-made-jacob-96681788
9241,2024-01-18 12:00:04,We Made The Jacob Leiser 2023 List video,we_made_the_jacob_leiser_2023_list,https://www.patreon.com/posts/we-made-jacob-96681778
3041,2024-01-15 12:01:01,50 Wild Ass Celebrity Rumors VIDEO,50_wild_ass_celebrity_rumors,https://www.patreon.com/posts/50-wild-ass-96456520
4526,2024-01-15 12:00:08,50 Wild Ass Celebrity Rumors,50_wild_ass_celebrity_rumors,https://www.patreon.com/posts/50-wild-ass-96455879
4199,2024-01-11 12:05:00,Crazy Ass Golden Globes Recap VIDEO,crazy_ass_golden_globes_recap,https://www.patreon.com/posts/crazy-ass-golden-96280818
1341,2024-01-11 12:05:00,Crazy Ass Golden Globes Recap,crazy_ass_golden_globes_recap,https://www.patreon.com/posts/crazy-ass-golden-96279688
8329,2024-01-08 12:00:06,49 English Practice Conversation about Travel video,49_english_practice_conversation_about_travel,https://www.patreon.com/posts/49-english-about-96054496
3627,2024-01-08 12:00:05,49 English Practice Conversation about Travel audio,49_english_practice_conversation_about_travel,https://www.patreon.com/posts/49-english-about-96054499
3969,2024-01-04 12:00:05,Epstein List Revealed by Truth Artists video,epstein_list_revealed_by_truth_artists,https://www.patreon.com/posts/epstein-list-by-95819415
4157,2024-01-04 12:00:05,Epstein List Revealed by Truth Artists audio,epstein_list_revealed_by_truth_artists,https://www.patreon.com/posts/epstein-list-by-95819322
9346,2024-01-01 12:05:00,48 2024 Stock Market PredictionsAnalysis VIDEO,48_2024_stock_market_predictionsanalysis,https://www.patreon.com/posts/48-2024-stock-95618181
4644,2024-01-01 12:00:08,48 2024 Stock Market PredictionsAnalysis,48_2024_stock_market_predictionsanalysis,https://www.patreon.com/posts/48-2024-stock-95522288
3756,2023-12-28 12:00:06,The Nightcap Files VIDEO,the_nightcap_files,https://www.patreon.com/posts/nightcap-files-95405770
2831,2023-12-28 12:00:06,The Nightcap Files,the_nightcap_files,https://www.patreon.com/posts/nightcap-files-95401852
8505,2023-12-25 12:00:08,Spend Christmas With Three Struggling Comedians,spend_christmas_with_three_struggling_comedians,https://www.patreon.com/posts/spend-christmas-95144254
7744,2023-12-25 12:00:07,Spend Christmas With Three Struggling Comedians,spend_christmas_with_three_struggling_comedians,https://www.patreon.com/posts/spend-christmas-95144250
6147,2023-12-21 12:00:07,Christmas Pt 2  The Dark Side of Christmas video,christmas_pt_2___the_dark_side_of_christmas,https://www.patreon.com/posts/christmas-pt-2-94916055
4938,2023-12-21 12:00:04,Christmas Pt 2  The Dark Side of Christmas audio,christmas_pt_2___the_dark_side_of_christmas,https://www.patreon.com/posts/christmas-pt-2-94916084
2757,2023-12-18 12:00:07,46 Christmast Joy Pt1 VIDEO,46_christmast_joy_pt1,https://www.patreon.com/posts/46-christmast-pt-94859353
4424,2023-12-18 12:00:07,46 Christmas Joy Pt 1,46_christmas_joy_pt_1,https://www.patreon.com/posts/46-christmas-joy-94807762
2550,2023-12-14 12:15:01,Mental  Physical Toughness Bootcamp VIDEO,mental__physical_toughness_bootcamp,https://www.patreon.com/posts/mental-physical-94644984
1040,2023-12-14 12:14:01,Mental  Physical Toughness Bootcamp,mental__physical_toughness_bootcamp,https://www.patreon.com/posts/mental-physical-94623216
6239,2023-12-11 12:00:06,The First Episode 1182022,the_first_episode_1182022,https://www.patreon.com/posts/first-episode-11-94439630
2828,2023-12-11 12:00:06,The First Episode 1182022,the_first_episode_1182022,https://www.patreon.com/posts/first-episode-11-94439614
4179,2023-12-07 12:00:07,Boost Your Energy In 3 Days audio,boost_your_energy_in_3_days,https://www.patreon.com/posts/boost-your-in-3-94215347
7916,2023-12-07 12:00:07,Boost Your Energy In 3 Days video,boost_your_energy_in_3_days,https://www.patreon.com/posts/boost-your-in-3-94215346
7160,2023-12-04 12:00:10,45 TV vs Movies Epic Debate,45_tv_vs_movies_epic_debate,https://www.patreon.com/posts/45-tv-vs-movies-94047031
5250,2023-12-04 12:00:09,45 TV vs Movies Epic Debate,45_tv_vs_movies_epic_debate,https://www.patreon.com/posts/45-tv-vs-movies-94047088
7996,2023-11-30 12:00:07,Global Brand Marketplace Analysis VIDEO,global_brand_marketplace_analysis,https://www.patreon.com/posts/global-brand-93800438
4076,2023-11-30 12:00:07,Global Brand Marketplace Analysis,global_brand_marketplace_analysis,https://www.patreon.com/posts/global-brand-93796774
7289,2023-11-27 12:00:08,44 Atheists React to Christmas for First Time VIDEO,44_atheists_react_to_christmas_for_first_time,https://www.patreon.com/posts/44-atheists-to-93586720
1692,2023-11-27 12:00:07,44 Atheists React to Christmas for First Time,44_atheists_react_to_christmas_for_first_time,https://www.patreon.com/posts/44-atheists-to-93586721
6211,2023-11-23 12:00:05,Controversial Thanksgiving Debate audio,controversial_thanksgiving_debate,https://www.patreon.com/posts/controversial-93365254
7816,2023-11-23 12:00:05,Controversial Thanksgiving Debate video,controversial_thanksgiving_debate,https://www.patreon.com/posts/controversial-93365252
1034,2023-11-20 13:00:11,43 We Talk To A Rockstar ft Hotline TNTs Will Anderson,43_we_talk_to_a_rockstar_ft_hotline_tnts_will_anderson,https://www.patreon.com/posts/43-we-talk-to-ft-93203199
5617,2023-11-20 13:00:10,43 We Talk To A Rockstar ft Hotline TNTs Will Anderson,43_we_talk_to_a_rockstar_ft_hotline_tnts_will_anderson,https://www.patreon.com/posts/43-we-talk-to-ft-93147028
4651,2023-11-16 12:30:03,Complimenting Celebrities VIDEO,complimenting_celebrities,https://www.patreon.com/posts/complimenting-92980660
3889,2023-11-16 12:30:01,Complimenting Celebrities,complimenting_celebrities,https://www.patreon.com/posts/complimenting-92980489
5235,2023-11-13 12:00:06,42 Rock Bottom video,42_rock_bottom,https://www.patreon.com/posts/42-rock-bottom-92771714
1089,2023-11-13 12:00:06,42 Rock Bottom audio,42_rock_bottom,https://www.patreon.com/posts/42-rock-bottom-92771168
3960,2023-11-09 12:00:04,Richuals audio,richuals,https://www.patreon.com/posts/richuals-audio-92553092
2087,2023-11-09 12:00:04,Richuals video,richuals,https://www.patreon.com/posts/richuals-video-92553088
3992,2023-11-06 12:00:07,41 Morning Meditations VIDEO,41_morning_meditations,https://www.patreon.com/posts/41-morning-video-92368156
8015,2023-11-06 12:00:07,41 Morning Meditations,41_morning_meditations,https://www.patreon.com/posts/41-morning-92356461
2024,2023-11-02 11:00:06,2023 Is Officially Over Its Time To Get Real VIDEO,2023_is_officially_over_its_time_to_get_real,https://www.patreon.com/posts/2023-is-over-its-92136265
1006,2023-11-02 11:00:06,2023 Is Officially Over Its Time To Get Real,2023_is_officially_over_its_time_to_get_real,https://www.patreon.com/posts/2023-is-over-its-92136202
3404,2023-10-30 11:00:07,40 Joy Ween video,40_joy_ween,https://www.patreon.com/posts/40-joy-ween-91903703
3364,2023-10-30 11:00:06,40 Joy Ween audio,40_joy_ween,https://www.patreon.com/posts/40-joy-ween-91903702
7287,2023-10-26 11:00:05,BONUS How To Roll With Punches VIDEO,bonus_how_to_roll_with_punches,https://www.patreon.com/posts/bonus-how-to-91673355
4600,2023-10-26 11:00:05,BONUS How To Roll With Punches,bonus_how_to_roll_with_punches,https://www.patreon.com/posts/bonus-how-to-91673352
6547,2023-10-23 11:00:04,39 Regarding The Current State Of The Music Industry VIDEO,39_regarding_the_current_state_of_the_music_industry,https://www.patreon.com/posts/39-regarding-of-91375436
9228,2023-10-23 11:00:04,39 Regarding The Current State Of The Music Industry,39_regarding_the_current_state_of_the_music_industry,https://www.patreon.com/posts/39-regarding-of-91374617
1370,2023-10-19 11:00:04,Joy Tactics Live in NY  Ft Joe Pera Sarah Sherman Conner OMalley,joy_tactics_live_in_ny,https://www.patreon.com/posts/joy-tactics-live-91227578
1292,2023-10-19 11:00:04,Joy Tactics Live in NY  Ft Joe Pera Sarah Sherman Conner OMalley,joy_tactics_live_in_ny,https://www.patreon.com/posts/joy-tactics-live-91227567
9535,2023-10-16 11:00:05,38 Being Late To Stuff VIDEO,38_being_late_to_stuff,https://www.patreon.com/posts/38-being-late-to-91060681
3283,2023-10-16 11:00:05,38 Being Late To Stuff,38_being_late_to_stuff,https://www.patreon.com/posts/38-being-late-to-91042912
1961,2023-10-12 11:00:05,Coming Out Of Our Cocoons,coming_out_of_our_cocoons,https://www.patreon.com/posts/coming-out-of-90793464
9709,2023-10-12 11:00:05,Coming Out Of Our Cocoons VIDEO,coming_out_of_our_cocoons,https://www.patreon.com/posts/coming-out-of-90793461
3873,2023-10-09 11:00:05,37  Technology,37__technology,https://www.patreon.com/posts/37-technology-90556664
3030,2023-10-09 11:00:05,37 Technology,37_technology,https://www.patreon.com/posts/37-technology-90556616
9110,2023-10-05 11:00:05,Regarding The Current State of Comedy VIDEO,regarding_the_current_state_of_comedy,https://www.patreon.com/posts/regarding-state-90362840
2620,2023-10-05 11:00:05,Regarding The Current State of Comedy,regarding_the_current_state_of_comedy,https://www.patreon.com/posts/regarding-state-90356428
8015,2023-10-02 11:00:06,36 Recovery video,36_recovery,https://www.patreon.com/posts/36-recovery-90171730
2663,2023-10-02 11:00:05,36 Recovery audio,36_recovery,https://www.patreon.com/posts/36-recovery-90171729
3695,2023-09-28 11:00:04,Intense Claudia ODoherty Interview video,intense_claudia_odoherty_interview,https://www.patreon.com/posts/intense-claudia-89956986
8790,2023-09-28 11:00:04,Intense Claudia ODoherty Interview audio,intense_claudia_odoherty_interview,https://www.patreon.com/posts/intense-claudia-89956504
8464,2023-09-25 08:01:00,35 Alienz ft Conner OMalley,35_alienz_ft_conner_omalley,https://www.patreon.com/posts/35-alienz-ft-89786066
9750,2023-09-25 08:00:03,35 Alienz ft Conner OMalley,35_alienz_ft_conner_omalley,https://www.patreon.com/posts/35-alienz-ft-89786104
6190,2023-09-21 11:00:03,Fashion ft Megan Stalter VIDEO,fashion_ft_megan_stalter,https://www.patreon.com/posts/fashion-ft-megan-89493076
8466,2023-09-21 11:00:03,Fashion ft Megan Stalter,fashion_ft_megan_stalter,https://www.patreon.com/posts/fashion-ft-megan-89489490
4908,2023-09-18 14:13:01,Joy Tactics Live in LA Ft John Early and Sarah Sherman audio,joy_tactics_live_in_la_ft_john_early_and_sarah_sherman,https://www.patreon.com/posts/joy-tactics-live-89454477
8274,2023-09-18 11:01:00,Joy Tactics Live in LA Ft John Early and Sarah Sherman video,joy_tactics_live_in_la_ft_john_early_and_sarah_sherman,https://www.patreon.com/posts/joy-tactics-live-89426497
8537,2023-09-14 11:01:00,LA vs NYC VIDEO,la_vs_nyc,https://www.patreon.com/posts/la-vs-nyc-video-89239170
6139,2023-09-14 11:00:05,LA vs NYC,la_vs_nyc,https://www.patreon.com/posts/la-vs-nyc-89238193
6872,2023-09-11 11:00:04,33 Taking Risks Can Destroy You,33_taking_risks_can_destroy_you,https://www.patreon.com/posts/33-taking-risks-89042904
7857,2023-09-11 11:00:04,33 Taking Risks Can Destroy You VIDEO,33_taking_risks_can_destroy_you,https://www.patreon.com/posts/33-taking-risks-89042870
6413,2023-09-07 11:00:04,Crazy Ass Celebrity Gossip  AMA VIDEO,crazy_ass_celebrity_gossip__ama,https://www.patreon.com/posts/crazy-ass-gossip-88888761
1977,2023-09-07 11:00:04,Crazy Ass Celebrity Gossip  AMA,crazy_ass_celebrity_gossip__ama,https://www.patreon.com/posts/crazy-ass-gossip-88888715
4559,2023-09-04 11:01:00,33 Health video,33_health,https://www.patreon.com/posts/33-health-video-88720283
4711,2023-09-04 11:01:00,33 Health audio,33_health,https://www.patreon.com/posts/33-health-audio-88720038
9571,2023-08-31 23:39:37,JOY TACTICS LIVE IN LOS ANGELES 914,joy_tactics_live_in_los_angeles_914,https://www.patreon.com/posts/joy-tactics-live-88571883
6550,2023-08-31 11:00:06,Apologizing,apologizing,https://www.patreon.com/posts/apologizing-88521656
6532,2023-08-31 11:00:05,Apologizing VIDEO,apologizing,https://www.patreon.com/posts/apologizing-88521652
1717,2023-08-28 11:00:09,32 Love VIDEO,32_love,https://www.patreon.com/posts/32-love-video-88361433
1628,2023-08-28 11:00:07,32 Love,32_love,https://www.patreon.com/posts/32-love-88361111
4936,2023-08-24 11:01:01,Emergency Broadcast 2 VIDEO,emergency_broadcast_2,https://www.patreon.com/posts/emergency-2-88155501
9119,2023-08-24 11:00:06,Emergency Broadcast 2,emergency_broadcast_2,https://www.patreon.com/posts/emergency-2-88154740
1160,2023-08-21 11:00:07,31 The Perfect Podcast for Hospitals,31_the_perfect_podcast_for_hospitals,https://www.patreon.com/posts/31-perfect-for-88009375
3635,2023-08-21 11:00:07,31 The Perfect Podcast for Hospitals VIDEO,31_the_perfect_podcast_for_hospitals,https://www.patreon.com/posts/31-perfect-for-88009373
4357,2023-08-20 03:58:07,BIDEN 6 BLUNTS DEEP SITTING ON THE ROOF OF THE WHITE HOUSE WATCHING THE SUNSET,biden_6_blunts_deep_sitting_on_the_roof_of_the_white_house_watching_the_sunset,https://www.patreon.com/posts/biden-6-blunts-87962764
7240,2023-08-17 11:00:05,Addressing the Reddit Drama audio,addressing_the_reddit_drama,https://www.patreon.com/posts/addressing-drama-87766504
6072,2023-08-17 11:00:05,Addressing the Reddit Drama video,addressing_the_reddit_drama,https://www.patreon.com/posts/addressing-drama-87766502
7183,2023-08-14 11:01:01,30 Food VIDEO,30_food,https://www.patreon.com/posts/30-food-video-87660173
3292,2023-08-14 11:00:08,30 Food,30_food,https://www.patreon.com/posts/30-food-87659821
7730,2023-08-10 11:00:08,Addressing The Eric Rahill Drama,addressing_the_eric_rahill_drama,https://www.patreon.com/posts/addressing-eric-87470191
5648,2023-08-10 11:00:08,Addressing The Eric Rahill Drama,addressing_the_eric_rahill_drama,https://www.patreon.com/posts/addressing-eric-87470190
3212,2023-08-07 11:00:06,29 Emergency Broadcast VIDEO,29_emergency_broadcast,https://www.patreon.com/posts/29-emergency-87249684
5566,2023-08-07 11:00:06,29 Emergency Broadcast,29_emergency_broadcast,https://www.patreon.com/posts/29-emergency-87248327
4373,2023-08-03 11:01:01,Classic Rock ft Rachel Kaly VIDEO,classic_rock_ft_rachel_kaly,https://www.patreon.com/posts/classic-rock-ft-87111642
5117,2023-08-03 11:00:06,Classic Rock ft Rachel Kaly,classic_rock_ft_rachel_kaly,https://www.patreon.com/posts/classic-rock-ft-86562207
6182,2023-07-31 11:05:01,28 The Kid Friendly Episode,28_the_kid_friendly_episode,https://www.patreon.com/posts/28-kid-friendly-86922738
3462,2023-07-31 11:05:01,28 The Kid Friendly Episode VIDEO,28_the_kid_friendly_episode,https://www.patreon.com/posts/28-kid-friendly-86911569
1145,2023-07-27 11:00:59,Nature Walk Turns Into Medical Emergency VIDEO,nature_walk_turns_into_medical_emergency,https://www.patreon.com/posts/nature-walk-into-86706720
2070,2023-07-27 11:00:06,Nature Walk Turns Into Medical Emergency,nature_walk_turns_into_medical_emergency,https://www.patreon.com/posts/nature-walk-into-86465467
8487,2023-07-24 08:01:00,27 Control ft Rachel Kaly VIDEO,27_control,https://www.patreon.com/posts/27-control-ft-86560219
7494,2023-07-24 08:01:00,27 Control ft Rachel Kaly,27_control,https://www.patreon.com/posts/27-control-ft-86556592
7284,2023-07-20 11:00:06,Do Vacations Make You Happy video,do_vacations_make_you_happy,https://www.patreon.com/posts/do-vacations-you-86345902
1430,2023-07-20 11:00:06,Do Vacations Make You Happy audio,do_vacations_make_you_happy,https://www.patreon.com/posts/do-vacations-you-86345691
7100,2023-07-17 08:00:06,26 Erics Bday,26_erics_bday,https://www.patreon.com/posts/26-erics-bday-86211183
6021,2023-07-17 08:00:06,26 Erics Bday,26_erics_bday,https://www.patreon.com/posts/26-erics-bday-86155494
6795,2023-07-13 11:00:05,Winston Churchill Biography VIDEO,winston_churchill_biography,https://www.patreon.com/posts/winston-video-85969585
6093,2023-07-13 11:00:05,Winston Churchill Biography,winston_churchill_biography,https://www.patreon.com/posts/winston-85959456
5612,2023-07-10 11:00:08,25 Videogames audio,25_videogames,https://www.patreon.com/posts/25-videogames-85855732
8747,2023-07-10 11:00:07,25 Videogames video,25_videogames,https://www.patreon.com/posts/25-videogames-85855748
4542,2023-07-09 20:09:32,YOURE BLACKOUT DRUNK IN THE 40s FIRE PLAYLIST,youre_blackout_drunk_in_the_40s,https://www.patreon.com/posts/youre-blackout-85839601
3250,2023-07-06 11:00:06,Simulated Early Human Discussion video,simulated_early_human_discussion,https://www.patreon.com/posts/simulated-early-85662779
4126,2023-07-06 11:00:06,Simulated Early Human Discussion audio,simulated_early_human_discussion,https://www.patreon.com/posts/simulated-early-85662628
8927,2023-07-03 11:00:07,24 Alter Egos VIDEO,24_alter_egos,https://www.patreon.com/posts/24-alter-egos-85496306
3152,2023-07-03 11:00:07,24 Alter Egos,24_alter_egos,https://www.patreon.com/posts/24-alter-egos-85495596
6173,2023-06-29 11:01:00,Our New Summer Bodies VIDEO,our_new_summer_bodies,https://www.patreon.com/posts/our-new-summer-85279232
8784,2023-06-29 11:01:00,Our New Summer Bodies,our_new_summer_bodies,https://www.patreon.com/posts/our-new-summer-85279166
3736,2023-06-26 11:01:00,23 Interview With 3 Featured Extras From The Bear VIDEO,23_interview_with_3_featured_extras_from_the_bear,https://www.patreon.com/posts/23-interview-3-85115447
5006,2023-06-26 11:00:09,23 Interview With 3 Featured Extras From The Bear,23_interview_with_3_featured_extras_from_the_bear,https://www.patreon.com/posts/23-interview-3-85115190
8380,2023-06-22 11:00:09,Choose Happiness VIDEO,choose_happiness,https://www.patreon.com/posts/choose-happiness-84942801
9722,2023-06-22 11:00:08,Choose Happiness,choose_happiness,https://www.patreon.com/posts/choose-happiness-84942770
9135,2023-06-19 11:01:01,22 Murder Is Weird VIDEO,22_murder_is_weird,https://www.patreon.com/posts/22-murder-is-84783692
2663,2023-06-19 11:01:01,22 Murder Is Weird,22_murder_is_weird,https://www.patreon.com/posts/22-murder-is-84783574
7842,2023-06-15 11:01:01,Watch Out For These Red Flags In Your Romantic And Professional Relationships,_watch_out_for_these_red_flags_in_your_romantic_and_professional_relationships,https://www.patreon.com/posts/watch-out-for-in-84587526
5994,2023-06-15 11:00:15,Watch Out For These Red Flags In Your Romantic And Professional Relationships VIDEO,_watch_out_for_these_red_flags_in_your_romantic_and_professional_relationships,https://www.patreon.com/posts/watch-out-for-in-84588080
2513,2023-06-13 02:16:16,CALVIN COOLIDGE  FAMOUS DIR JACK BENSINGER,calvin_coolidge___famous_dir_jack_bensinger,https://www.patreon.com/posts/calvin-coolidge-84486825
9666,2023-06-12 11:01:01,21 Alcohol Is Ruining The World AUDIO,21_alcohol_is_ruining_the_world,https://www.patreon.com/posts/21-alcohol-is-84432266
1706,2023-06-12 11:01:00,21 Alcohol Is Ruining The World VIDEO,21_alcohol_is_ruining_the_world,https://www.patreon.com/posts/21-alcohol-is-84432315
6331,2023-06-08 11:00:06,Current Events Pt 2 VIDEO,current_events_pt_2,https://www.patreon.com/posts/current-events-2-84246843
4796,2023-06-08 11:00:06,Current Events Pt 2,current_events_pt_2,https://www.patreon.com/posts/current-events-2-84246790
5747,2023-06-05 11:01:01,20 Current Events,20_current_events,https://www.patreon.com/posts/20-current-84074115
5143,2023-06-05 11:01:00,20 Current Events VIDEO,20_current_events,https://www.patreon.com/posts/20-current-video-84074168
3870,2023-06-01 11:01:00,Unsolved Mysteries Hour VIDEO,unsolved_mysteries_hour,https://www.patreon.com/posts/unsolved-hour-83881798
2729,2023-06-01 11:01:00,Unsolved Mysteries Hour,unsolved_mysteries_hour,https://www.patreon.com/posts/unsolved-hour-83881690
1590,2023-05-29 11:00:03,19 Explaining What Is Outer Space,19_explaining_what_is_outer_space,https://www.patreon.com/posts/19-explaining-is-83694233
5873,2023-05-29 11:00:03,19 Explaining What Is Outer Space,19_explaining_what_is_outer_space,https://www.patreon.com/posts/19-explaining-is-83694207
5715,2023-05-25 11:01:00,The Cinema,the_cinema,https://www.patreon.com/posts/cinema-83511457
6898,2023-05-25 11:01:00,The Cinema VIDEO,the_cinema,https://www.patreon.com/posts/cinema-video-83511424
6544,2023-05-22 11:01:00,18 David  Goliath ft Caleb Pitts video,18_david__goliath__video,https://www.patreon.com/posts/18-david-goliath-83356042
7855,2023-05-22 11:01:00,18 David  Goliath ft Caleb Pitts,18_david__goliath,https://www.patreon.com/posts/18-david-goliath-83355995
3230,2023-05-18 08:01:00,All W33ded Out,all_w33ded_out,https://www.patreon.com/posts/all-w33ded-out-83145977
6867,2023-05-18 08:00:02,All W33ded Out VIDEO,all_w33ded_out,https://www.patreon.com/posts/all-w33ded-out-83147566
2100,2023-05-15 11:01:00,17 Charlies Male Angels VIDEO,17_charlies_male_angels,https://www.patreon.com/posts/17-charlies-male-83009483
1845,2023-05-15 11:01:00,17 Charlies Male Angels,17_charlies_male_angels,https://www.patreon.com/posts/17-charlies-male-83009060
8713,2023-05-11 11:01:00,Tough Times Rawr,tough_times_rawr,https://www.patreon.com/posts/tough-times-rawr-82824114
1128,2023-05-11 11:00:03,Tough Times Rawr VIDEO,tough_times_rawr,https://www.patreon.com/posts/tough-times-rawr-82824162
5952,2023-05-08 11:00:04,16 Respect To The Monarchy VIDEO,16_respect_to_the_monarchy,https://www.patreon.com/posts/16-respect-to-82668149
8836,2023-05-08 11:00:03,16 Respect To The Monarchy,16_respect_to_the_monarchy,https://www.patreon.com/posts/16-respect-to-82667974
9615,2023-05-04 11:01:00,Massive Personal Growth Accelerator ECourse,massive_personal_growth_accelerator_e_course,https://www.patreon.com/posts/massive-personal-82475435
2729,2023-05-04 11:00:04,Massive Personal Growth Accelerator ECourse VIDEO,massive_personal_growth_accelerator_e_course,https://www.patreon.com/posts/massive-personal-82478255
8574,2023-05-01 11:01:00,15 Jerry Springers Legacy VIDEO,15_jerry_springers_legacy,https://www.patreon.com/posts/15-jerry-legacy-82305008
9207,2023-05-01 11:01:00,15 Jerry Springers Legacy AUDIO,15_jerry_springers_legacy,https://www.patreon.com/posts/15-jerry-legacy-82304955
4255,2023-04-27 11:00:59,McDonalds Mukbang VIDEO,mcdonalds_mukbang,https://www.patreon.com/posts/mcdonalds-video-82092651
2843,2023-04-27 11:00:03,McDonalds Mukbang AUDIO,mcdonalds_mukbang,https://www.patreon.com/posts/mcdonalds-audio-82092542
5866,2023-04-24 17:05:35,14 Healing Frequencies VIDEO,14_healing_frequencies,https://www.patreon.com/posts/14-healing-video-81986225
5443,2023-04-24 15:35:59,14 Healing Frequencies,14_healing_frequencies,https://www.patreon.com/posts/14-healing-81981451
9190,2023-04-20 11:21:00,420 Verbal NARCAN AUDIO,420_verbal_narcan,https://www.patreon.com/posts/420-verbal-r-81772131
8659,2023-04-20 11:21:00,420 Verbal NARCAN VIDEO,420_verbal_narcan,https://www.patreon.com/posts/420-verbal-r-81770875
2071,2023-04-17 11:00:05,13 Brace Belden from True Anon Explains Fruit AUDIO,13_brace_belden_from_true_anon_explains_fruit,https://www.patreon.com/posts/13-brace-belden-81626614
5667,2023-04-17 11:00:04,13 Brace Belden from True Anon Explains Fruit VIDEO,13_brace_belden_from_true_anon_explains_fruit,https://www.patreon.com/posts/13-brace-belden-81627483
8931,2023-04-13 11:00:03,Miss Swift VIDEO,miss_swift,https://www.patreon.com/posts/miss-swift-video-81445782
2341,2023-04-13 11:00:03,Miss Swift AUDIO,miss_swift,https://www.patreon.com/posts/miss-swift-audio-81292784
2391,2023-04-10 18:23:12,Erics sweat accumulation from the SOLD OUT Chicago show,erics_sweat_accumulation_from_the_sold_out_chicago_show,https://www.patreon.com/posts/erics-sweat-from-81322282
3827,2023-04-10 11:00:05,12 We Are Begging To Be Sued VIDEO,12_we_are_begging_to_be_sued,https://www.patreon.com/posts/12-we-are-to-be-81294184
9427,2023-04-10 11:00:04,12 We Are Begging To Be Sued AUDIO,12_we_are_begging_to_be_sued,https://www.patreon.com/posts/12-we-are-to-be-81294112
7354,2023-04-07 18:31:06,PEACEFUL DISHWASHING PLAYLIST,peaceful_dishwashing_playlist,https://www.patreon.com/posts/peaceful-81191252
9200,2023-04-06 11:01:00,Erics Computer is Trash AUDIO,erics_computer_is_trash,https://www.patreon.com/posts/erics-computer-81097249
1008,2023-04-06 11:00:03,Erics Computer is Trash VIDEO,erics_computer_is_trash,https://www.patreon.com/posts/erics-computer-81097327
3060,2023-04-03 11:01:01,11 Hilariously Answering Your Effed Up Questions VIDEO,11_hilariously_answering_your_effed_up_questions,https://www.patreon.com/posts/11-hilariously-80956940
3142,2023-04-03 11:01:01,11 Hilariously Answering Your Effed Up Questions  AUDIO,11_hilariously_answering_your_effed_up_questions,https://www.patreon.com/posts/11-hilariously-80956413
1849,2023-03-30 11:56:04,IRL Rick Roll VIDEO,irl_rick_roll,https://www.patreon.com/posts/irl-rick-roll-80766570
5559,2023-03-30 11:01:00,IRL Rick Roll AUDIO,irl_rick_roll,https://www.patreon.com/posts/irl-rick-roll-80741054
8267,2023-03-27 11:00:04,10 Good Morning  AUDIO,10_good_morning,https://www.patreon.com/posts/10-good-morning-80594606
2563,2023-03-27 11:00:04,10 Good Morning  VIDEO,10_good_morning,https://www.patreon.com/posts/10-good-morning-80594542
9290,2023-03-23 11:01:00,Congratulations to Selena Gomez AUDIO,congratulations_to_selena_gomez,https://www.patreon.com/posts/congratulations-80400038
9360,2023-03-23 11:01:00,Congratulations to Selena Gomez VIDEO,congratulations_to_selena_gomez,https://www.patreon.com/posts/congratulations-80399535
3261,2023-03-20 11:00:04,9 Demons  Kindess VIDEO,9_demons__kindess,https://www.patreon.com/posts/9-demons-kindess-80215059
7942,2023-03-20 11:00:04,9 Demons  Kindess AUDIO,9_demons__kindess,https://www.patreon.com/posts/9-demons-kindess-80214970
6941,2023-03-17 14:25:27,CHICAGO  were doing a show on March 28th at Color Club 8pm,chicago__were_doing_a_show_on_march_28th_at_color_club_8pm,https://www.patreon.com/posts/chicago-were-on-80130475
2853,2023-03-16 11:02:59,Brain  Reality AUDIO,brain__reality,https://www.patreon.com/posts/brain-reality-80072714
3843,2023-03-16 11:00:59,Brain  Reality VIDEO,brain__reality,https://www.patreon.com/posts/brain-reality-80072459
8047,2023-03-13 11:01:00,8 A Grave Warning To Corporate America,8_a_grave_warning_to_corporate_america,https://www.patreon.com/posts/8-grave-warning-79943761
3945,2023-03-09 16:53:29,Discussing Our Personal Upbringings and Celebrities AUDIO,discussing_our_personal_upbringings_and_celebrities,https://www.patreon.com/posts/discussing-our-79789464
1707,2023-03-09 12:00:03,Discussing Our Personal Upbringings and Celebrities VIDEO,discussing_our_personal_upbringings_and_celebrities,https://www.patreon.com/posts/discussing-our-79761408
4027,2023-03-06 12:00:04,7 Love Me Thru The Phone,7_love_me_thru_the_phone,https://www.patreon.com/posts/7-love-me-thru-79620894
4873,2023-03-02 12:01:01,Dark Duolingo extended bonus ep,dark_duolingo,https://www.patreon.com/posts/dark-duolingo-ep-79439852
1698,2023-02-27 12:01:00,6 SNLs Sarah Sherman Retires From Comedy ft Sarah Sherman,6_snls_sarah_sherman_retires_from_comedy_ft_sarah_sherman,https://www.patreon.com/posts/6-snls-sarah-ft-79254906
3245,2023-02-26 19:08:01,WISHING THE WEED TODAY WASNT SO STRONG a fire ass playlist,wishing_the_weed_today_wasnt_so_strong_a_fire_ass_playlist,https://www.patreon.com/posts/wishing-weed-so-79242284
6326,2023-02-23 12:01:00,Psyop Type Sht,psyop_type_sht,https://www.patreon.com/posts/psyop-type-sh-t-79082648
1411,2023-02-20 12:01:01,5 The Drunk Files,5_the_drunk_files,https://www.patreon.com/posts/5-drunk-files-78936933
1984,2023-02-16 15:57:57,Alien Swag,alien_swag,https://www.patreon.com/posts/alien-swag-78780414
5713,2023-02-13 12:00:04,4 Mylke  Coogies,4_mylke__coogies,https://www.patreon.com/posts/4-mylke-coogies-78599931
1332,2023-02-09 12:00:02,Utopian Possibilities,utopian_possibilities,https://www.patreon.com/posts/utopian-78284039
7535,2023-02-06 12:20:01,3 Metaphorical Knowledge,3_metaphorical_knowledge,https://www.patreon.com/posts/3-metaphorical-78283877
2204,2023-02-02 12:03:00,Religious Discussion No Holds Barred,religious_discussion_no_holds_barred,https://www.patreon.com/posts/religious-no-78104132
6482,2023-01-30 12:00:04,2 Royalty Free Acappella Verses,2_royalty_free_acappella_verses,https://www.patreon.com/posts/2-royalty-free-77941946
6282,2023-01-26 12:00:09,Get To Know Us More Better,get_to_know_us_more_better,https://www.patreon.com/posts/get-to-know-us-77751276
5197,2023-01-23 08:10:00,1 Crazy Ass Coachella Lineup Reaction,1_crazy_ass_coachella_lineup_reaction,https://www.patreon.com/posts/1-crazy-ass-77618126
2093,2023-01-22 21:48:59,JOY TACTICS OFFICIAL INCLINE TREADMILL SPEED WALKING PLAYLIST,joy_tactics_official_incline_treadmill_speed_walking_playlist,https://www.patreon.com/posts/joy-tactics-77601204
